﻿<skin name="" version="3.0" author="Howay" email="" url="" readme="" mask_color="" show_tips="0.5" context_menu="2">
		<console xywh="0, 0R, 100P, 46" src="console.png" mask="" lock="1" display="1" group="A">
		<bt_play xywh="0, 0R,43, 40" src="bt_play.png" tips="播放,暂停"/>
		<bt_stop xywh="38, 0R, 37, 33" src="bt_stop1.png" tips="停止"/>
		<time xywh="55, 13R, 100, 16" align="center" font="宋体" size="12" color="#ADADAD" borderColor=""/>
		<status xywh="160, 13R, 210, 16" align="left" font="宋体" size="12" color="#ADADAD" borderColor=""/>
		<bt_mute xywh="119R, 12R, 22, 18" src="bt_mute.png" hover_volume="0" tips="静音,打开声音"/>
		<volume xywh="52R, 20R,62, 3" thumb_src="volume_thumb.png" track_src="volume_track.png" />
		<bt_list xywh="75L, 0R, 40, 33" src="bt_lis.png" tips="关闭列表,打开列表"/>
		<bt_option xywh="40R, 0R, 39, 33" src="bt_option1.png" tips="关闭设置,打开设置"/>
		<bt_fullscreen xywh="15R, 13R, 22, 16" src="bt_fullscreen.png" tips="全屏"/>
		<progress xywh="0, 40R, 0B,6" thumb_src="progress_thumb.png" track_src="progress_track.png" thumb_autohide="0"/>

                                <indicator xywh="0,-14,45,15" src="indicator.png" color="#FFFFFF" size="11" align="center" />	

</console>
			<media xywh="0, 46R, 100P, 100P" src="media.png" mask="" lock="1" display="1" group="A">
		<video xywh="0, 0, 100P, 100P"/>
	</media>
<languages>
    <msg id="state_undefined">未定义</msg>
    <msg id="state_connecting">连接中</msg>
    <msg id="state_buffering">缓冲</msg>
    <msg id="state_playing">正在播放</msg>
    <msg id="state_paused">已暂停</msg>
    <msg id="state_stopped">已停止</msg>
    <msg id="state_completed">播放完成</msg>
    <msg id="state_reconnecting">重试连接</msg>
    <msg id="menu_fullscreen">全屏切换</msg>
    <msg id="menu_list">列表</msg>
    <msg id="menu_lrc">歌词</msg>
    <msg id="menu_video">视频</msg>
    <msg id="menu_option">选项</msg>
    <msg id="option_title_skins">设置皮肤</msg>
    <msg id="option_title_about">关于程序</msg>
    <msg id="option_skin_waiting">等待加载</msg>
    <msg id="option_skin_loading">加载中</msg>
    <msg id="option_skin_error">皮肤错误</msg>
    <msg id="option_skin_version">版本</msg>
    <msg id="option_skin_author">作者</msg>
    <msg id="option_skin_email">邮箱</msg>
    <msg id="option_skin_url">网址</msg>
    <msg id="option_skin_readme">说明</msg>
    <msg id="option_copy_url">复制分享地址</msg>
    <msg id="option_copy_embed">复制插入代码</msg>
    <msg id="option_copied">已复制</msg>
    <msg id="view_listing">加载列表</msg>
   <msg id="view_nothing">没有找到任何信息</msg>
    <msg id="view_error">错误</msg>
  </languages>
</skin>